PMID,Title,Authors,Citation,First Author,Journal/Book,Publication Year,Create Date,PMCID,NIHMS ID,DOI
"40097744","New frontiers in generative artificial intelligence - enhancing custom GPTs with ophthalmology guidelines","Taloni A, Alessio G, Coco G, Scorcia V, Yu AC, De Rosa L, Salgari N, Busin M, Giannaccare G.","Eye (Lond). 2025 May;39(7):1235-1237. doi: 10.1038/s41433-025-03746-w. Epub 2025 Mar 17.","Taloni A","Eye (Lond)","2025","2025/03/18","PMC12044077","","10.1038/s41433-025-03746-w"
"40272814","Exploring Detection Methods for Synthetic Medical Datasets Created With a Large Language Model","Taloni A, Coco G, Pellegrini M, Wjst M, Salgari N, Carnovale-Scalzo G, Scorcia V, Busin M, Giannaccare G.","JAMA Ophthalmol. 2025 Apr 24:e250834. doi: 10.1001/jamaophthalmol.2025.0834. Online ahead of print.","Taloni A","JAMA Ophthalmol","2025","2025/04/24","PMC12022867","","10.1001/jamaophthalmol.2025.0834"
"39643279","Outcomes of staged conjunctival flap and corneal transplantation for infectious keratitis resistant to medical treatment","Kilian R, Pellegrini M, Yu AC, de Ruvo V, Salgari N, Busin M.","Br J Ophthalmol. 2025 Apr 22;109(5):561-564. doi: 10.1136/bjo-2024-326225.","Kilian R","Br J Ophthalmol","2025","2024/12/06","","","10.1136/bjo-2024-326225"
"40164503","In vivo confocal microscopy confirms the presence of new predescemetic cellular layer in post-penetrating keratoplasty buttons","Salgari N, Yu AC, Panariello S, De Rosa L, Busin M.","Br J Ophthalmol. 2025 Apr 21:bjo-2024-326878. doi: 10.1136/bjo-2024-326878. Online ahead of print.","Salgari N","Br J Ophthalmol","2025","2025/03/31","","","10.1136/bjo-2024-326878"
"40217814","Mushroom Penetrating Keratoplasty: A Narrative Review","Bergamaschi P, Busin LML, Yu AC, Busin M.","J Clin Med. 2025 Mar 29;14(7):2351. doi: 10.3390/jcm14072351.","Bergamaschi P","J Clin Med","2025","2025/04/12","PMC11989387","","10.3390/jcm14072351"
"40149498","Mitochondrial DNA Pathogenic Variants in Ophthalmic Diseases: A Review","Abu-Amero KK, Almadani B, Abualkhair S, Hameed S, Kondkar AA, Sollazzo A, Yu AC, Busin M, Zauli G.","Genes (Basel). 2025 Mar 17;16(3):347. doi: 10.3390/genes16030347.","Abu-Amero KK","Genes (Basel)","2025","2025/03/28","PMC11941924","","10.3390/genes16030347"
"40068205","Outcomes of Descemet Membrane Epiretinal Graft for Refractory Macular Hole Closure","Pellegrini M, Yu AC, Bovone C, Adamo G, Talli PM, Nasini F, Ponzin D, Busin M, Mura M.","Retina. 2025 Mar 5. doi: 10.1097/IAE.0000000000004448. Online ahead of print.","Pellegrini M","Retina","2025","2025/03/11","","","10.1097/IAE.0000000000004448"
"39688243","Delphi-Based Global Consensus on Adopting Endothelial Keratoplasty: An Endothelial Keratoplasty Learners Group Initiative","Bhogal M, Gupta N, Giobellina T, Kobayashi A, Males J, Mehta JS, Romano V, Allan B, Busin M, Cursiefen C, Fogla R, Gorovoy M, McKee Y, Koo E, Kocaba V, Mejia LF, Moriyama A, Patel S, Pereira NC, Price FW Jr, Rapuano CJ, Talley Rostov A, Saad A, Sharma N, Slomovic A, Sutton G, Terry M, Tu E, Veldman P, Pineda R 2nd, Vaddavalli PK.","Cornea. 2025 Jan 9. doi: 10.1097/ICO.0000000000003758. Online ahead of print.","Bhogal M","Cornea","2025","2024/12/17","","","10.1097/ICO.0000000000003758"
"39246004","Long-Term Evaluation of Patients with Neurotrophic Keratopathy Undergoing Staged Keratoplasty After Corneal Neurotization","Strianese A, de Ruvo V, Giannaccare G, Bolognesi F, Biglioli F, Allevi F, Tarabbia F, Pellegrini M, Yu AC, Salgari N, Lozza A, Rossetti L, Busin M, Fogagnolo P.","Curr Eye Res. 2025 Jan;50(1):18-22. doi: 10.1080/02713683.2024.2396379. Epub 2024 Sep 8.","Strianese A","Curr Eye Res","2025","2024/09/09","","","10.1080/02713683.2024.2396379"
"39313861","Decreased vision due to scarring after phototherapeutic keratectomy","Nuijts RMMA, Ollivier RCI, Schlereth S, Cursiefen C, Busin M, Yu AC, Alió J, Borderie V, Shetty R, Nagaraja H, Sethu S.","J Cataract Refract Surg. 2024 Oct 1;50(10):1094-1098. doi: 10.1097/j.jcrs.0000000000001529.","Nuijts RMMA","J Cataract Refract Surg","2024","2024/09/24","","","10.1097/j.jcrs.0000000000001529"
"39140907","Reply","Pellegrini M, Mura M, Yu AC, Spena R, Busin M, Bovone C.","Ophthalmol Retina. 2024 Oct;8(10):e28. doi: 10.1016/j.oret.2024.07.006. Epub 2024 Aug 14.","Pellegrini M","Ophthalmol Retina","2024","2024/08/14","","","10.1016/j.oret.2024.07.006"
"38711224","Prospective randomized clinical trial evaluating efficacy and safety of a new ophthalmic viscosurgical device in patients undergoing cataract surgery","De Rosa L, Furiosi L, Pellegrini M, Yu AC, Scorcia V, Busin M.","J Cataract Refract Surg. 2024 Sep 1;50(9):906-911. doi: 10.1097/j.jcrs.0000000000001473.","De Rosa L","J Cataract Refract Surg","2024","2024/05/07","PMC11338035","","10.1097/j.jcrs.0000000000001473"
"39339879","Outcomes of Corneal Transplantation for Herpetic Keratitis: A Narrative Review","Nardella M, Yu AC, Busin M, Rizzo R, Zauli G.","Viruses. 2024 Aug 31;16(9):1403. doi: 10.3390/v16091403.","Nardella M","Viruses","2024","2024/09/28","PMC11437438","","10.3390/v16091403"
"37865907","Peripheral Center Sparing Presentation of Schnyder Corneal Dystrophy","Busin M, Santoro MM, Weiss JS.","Ophthalmology. 2024 Aug;131(8):997. doi: 10.1016/j.ophtha.2023.09.024. Epub 2023 Oct 20.","Busin M","Ophthalmology","2024","2023/10/22","","","10.1016/j.ophtha.2023.09.024"
"38910860","A Look into Ocular Diseases: The Pivotal Role of Omics Sciences in Ophthalmology Research","Fucito M, Spedicato M, Felletti S, Yu AC, Busin M, Pasti L, Franchina FA, Cavazzini A, De Luca C, Catani M.","ACS Meas Sci Au. 2024 Feb 22;4(3):247-259. doi: 10.1021/acsmeasuresciau.3c00067. eCollection 2024 Jun 19.","Fucito M","ACS Meas Sci Au","2024","2024/06/24","PMC11191728","","10.1021/acsmeasuresciau.3c00067"
"38848077","Mitochondria Transplantation Promotes Corneal Epithelial Wound Healing","Raz D, Ben-Yaakov K, Levi M, Bertolin M, Ferrari S, Ponzin D, Busin M, Leiba H, Marcovich AL, Eisenberg-Lerner A, Rotfogel Z.","Invest Ophthalmol Vis Sci. 2024 Jun 3;65(6):14. doi: 10.1167/iovs.65.6.14.","Raz D","Invest Ophthalmol Vis Sci","2024","2024/06/07","PMC11166225","","10.1167/iovs.65.6.14"
"38494116","Descemet Membrane Epiretinal Graft for Refractory Full-Thickness Macular Hole","Pellegrini M, Mura M, Yu AC, Spena R, Ruzza A, Ponzin D, Busin M, Bovone C.","Ophthalmol Retina. 2024 Jun;8(6):611-613. doi: 10.1016/j.oret.2024.03.011. Epub 2024 Mar 15.","Pellegrini M","Ophthalmol Retina","2024","2024/03/17","","","10.1016/j.oret.2024.03.011"
"38160881","Deep Anterior Lamellar Keratoplasty Using Dehydrated versus Standard Organ Culture-Stored Donor Corneas: Prospective Randomized Trial","Bovone C, De Rosa L, Pellegrini M, Ruzza A, Ferrari S, Camposampiero D, Ponzin D, Zauli G, Yu AC, Busin M.","Ophthalmology. 2024 Jun;131(6):674-681. doi: 10.1016/j.ophtha.2023.12.027. Epub 2023 Dec 29.","Bovone C","Ophthalmology","2024","2023/12/31","","","10.1016/j.ophtha.2023.12.027"
"38359414","IC3D Classification of Corneal Dystrophies-Edition 3","Weiss JS, Rapuano CJ, Seitz B, Busin M, Kivelä TT, Bouheraoua N, Bredrup C, Nischal KK, Chawla H, Borderie V, Kenyon KR, Kim EK, Møller HU, Munier FL, Berger T, Lisch W.","Cornea. 2024 Apr 1;43(4):466-527. doi: 10.1097/ICO.0000000000003420. Epub 2024 Feb 12.","Weiss JS","Cornea","2024","2024/02/15","PMC10906208","","10.1097/ICO.0000000000003420"
"38654986","Large-diameter deep anterior lamellar keratoplasty: A narrative review","Yu AC, Sollazzo A, Bovone C, Busin M.","Taiwan J Ophthalmol. 2024 Feb 23;14(1):27-33. doi: 10.4103/tjo.TJO-D-23-00161. eCollection 2024 Jan-Mar.","Yu AC","Taiwan J Ophthalmol","2024","2024/04/24","PMC11034690","","10.4103/tjo.TJO-D-23-00161"
"37726333","Outcomes of large-diameter deep anterior lamellar keratoplasty and converted two-piece mushroom penetrating keratoplasty for herpetic corneal scars","Pellegrini M, Yu AC, Spena R, Bovone C, Zauli G, Busin M.","Eye (Lond). 2024 Feb;38(3):614-619. doi: 10.1038/s41433-023-02744-0. Epub 2023 Sep 19.","Pellegrini M","Eye (Lond)","2024","2023/09/19","PMC10858060","","10.1038/s41433-023-02744-0"
"38435106","Bibliometric Analysis of Ophthalmology Publications from Arab Countries between 2012 and 2022","Yu AC, Zauli E, Missiroli L, Busin M.","Middle East Afr J Ophthalmol. 2024 Jan 22;30(1):1-5. doi: 10.4103/meajo.meajo_74_23. eCollection 2023 Jan-Mar.","Yu AC","Middle East Afr J Ophthalmol","2024","2024/03/04","PMC10903712","","10.4103/meajo.meajo_74_23"
"37140509","Vernal Keratoconjunctivitis Associated with Terrien Degeneration and Intralesional Cysts","Vivarelli C, Yu AC, Busin M.","Ophthalmology. 2023 Dec;130(12):1360. doi: 10.1016/j.ophtha.2023.04.009. Epub 2023 May 3.","Vivarelli C","Ophthalmology","2023","2023/05/04","","","10.1016/j.ophtha.2023.04.009"
"37182745","Follow-up Extension Up to 43 Years of Modified Osteo-Odonto-Keratoprosthesis","Colliardo P, Taloni A, Taloni M, Falcinelli G, Petitti L, Lucisano A, Busin M, Scorcia V, Giannaccare G.","Ophthalmology. 2023 Sep;130(9):995-997. doi: 10.1016/j.ophtha.2023.05.010. Epub 2023 May 12.","Colliardo P","Ophthalmology","2023","2023/05/14","","","10.1016/j.ophtha.2023.05.010"
"37052155","Impact of topographic hot spots on the refractive outcomes of combined DMEK and cataract surgery","Rotfogel Z, Pellegrini M, Franco E, Zauli G, Yu AC, Busin M.","J Cataract Refract Surg. 2023 Aug 1;49(8):848-852. doi: 10.1097/j.jcrs.0000000000001192.","Rotfogel Z","J Cataract Refract Surg","2023","2023/04/13","","","10.1097/j.jcrs.0000000000001192"
"36481958","A lack of an association between COVID-19 vaccination and corneal graft rejection: results of a large multi-country population based study","Roberts HW, Wilkins MR, Malik M, Talachi-Langroudi M, Myerscough J, Pellegrini M, Yu AC, Busin M.","Eye (Lond). 2023 Aug;37(11):2316-2319. doi: 10.1038/s41433-022-02341-7. Epub 2022 Dec 8.","Roberts HW","Eye (Lond)","2023","2022/12/09","PMC9734330","","10.1038/s41433-022-02341-7"
"37509256","State of the Art of Pharmacological Activators of p53 in Ocular Malignancies","Casciano F, Zauli E, Busin M, Caruso L, AlMesfer S, Al-Swailem S, Zauli G, Yu AC.","Cancers (Basel). 2023 Jul 12;15(14):3593. doi: 10.3390/cancers15143593.","Casciano F","Cancers (Basel)","2023","2023/07/29","PMC10377487","","10.3390/cancers15143593"
"36730417","Outcomes of Conventional 8.0-mm Versus Large 9.0-mm Diameter Deep Anterior Lamellar Keratoplasty for Keratoconus","Lucisano A, Lionetti G, Yu AC, Giannaccare G, D'Angelo S, Busin M, Scorcia V.","Cornea. 2023 Jul 1;42(7):815-820. doi: 10.1097/ICO.0000000000003082. Epub 2022 Nov 21.","Lucisano A","Cornea","2023","2023/02/02","","","10.1097/ICO.0000000000003082"
"36543313","Large-Diameter Modified Big-Bubble Deep Anterior Lamellar Keratoplasty in Post-Radial Keratotomy Eyes","Pellegrini M, Yu AC, Busin M.","Am J Ophthalmol. 2023 Jul;251:1-4. doi: 10.1016/j.ajo.2022.12.012. Epub 2022 Dec 18.","Pellegrini M","Am J Ophthalmol","2023","2022/12/21","","","10.1016/j.ajo.2022.12.012"
"37297901","Microsporidial Stromal Keratitis in Post-Keratoplasty Eyes","Spena R, Bovone C, Ciarmatori N, Pellegrini M, Yu AC, Zauli G, Busin M.","J Clin Med. 2023 May 27;12(11):3706. doi: 10.3390/jcm12113706.","Spena R","J Clin Med","2023","2023/06/10","PMC10253265","","10.3390/jcm12113706"
"36718436","Stromal peeling for deep anterior lamellar keratoplasty in a post-penetrating keratoplasty eye with hematocornea","Scorcia V, Giannaccare G, Pellegrini M, Camposampiero D, Ponzin D, Yu AC, Busin M.","Am J Ophthalmol Case Rep. 2023 Jan 22;29:101808. doi: 10.1016/j.ajoc.2023.101808. eCollection 2023 Mar.","Scorcia V","Am J Ophthalmol Case Rep","2023","2023/01/31","PMC9883201","","10.1016/j.ajoc.2023.101808"
"34301611","Factors predictive of cystoid macular oedema following endothelial keratoplasty: a single-centre review of 2233 cases","Myerscough J, Roberts HW, Yu AC, Mimouni M, Furiosi L, Mandrioli M, Giannaccare G, Busin M.","Br J Ophthalmol. 2023 Jan;107(1):24-29. doi: 10.1136/bjophthalmol-2020-318076. Epub 2021 Jul 22.","Myerscough J","Br J Ophthalmol","2023","2021/07/24","","","10.1136/bjophthalmol-2020-318076"
"35965396","COVID-19 Vaccination May Not Increase Rates of Corneal Graft Rejection","Busin M, Zauli G, Pellegrini M, Virgili G, Yu AC.","Cornea. 2022 Dec 1;41(12):1536-1538. doi: 10.1097/ICO.0000000000003101. Epub 2022 Aug 10.","Busin M","Cornea","2022","2022/08/15","","","10.1097/ICO.0000000000003101"
"35907146","Therapeutic contact lens-assisted optical coherence tomography for detection of posterior segment diseases in patients with corneal oedema","Pellegrini M, Mura M, Zauli G, Busin M.","Clin Exp Ophthalmol. 2022 Dec;50(9):1105-1107. doi: 10.1111/ceo.14141. Epub 2022 Aug 12.","Pellegrini M","Clin Exp Ophthalmol","2022","2022/07/30","","","10.1111/ceo.14141"
"36388931","The role of the mTOR pathway in diabetic retinopathy","Casciano F, Zauli E, Rimondi E, Mura M, Previati M, Busin M, Zauli G.","Front Med (Lausanne). 2022 Nov 1;9:973856. doi: 10.3389/fmed.2022.973856. eCollection 2022.","Casciano F","Front Med (Lausanne)","2022","2022/11/17","PMC9663464","","10.3389/fmed.2022.973856"
"35349495","Twenty-Two-Year Clinical Outcome of a Case of Endokeratoplasty","Gunasekera CD, Yu AC, Busin M.","Cornea. 2022 Oct 1;41(10):1311-1312. doi: 10.1097/ICO.0000000000003014. Epub 2022 Mar 17.","Gunasekera CD","Cornea","2022","2022/03/29","","","10.1097/ICO.0000000000003014"
"33985961","Corneal neovascularisation following deep anterior lamellar keratoplasty for corneal ectasia: incidence, timing and risk factors","Pellegrini M, Scorcia V, Giannaccare G, Lucisano A, Vaccaro S, Battaglia C, Yu AC, Bovone C, Busin M, Spena R.","Br J Ophthalmol. 2022 Oct;106(10):1363-1367. doi: 10.1136/bjophthalmol-2021-319339. Epub 2021 May 13.","Pellegrini M","Br J Ophthalmol","2022","2021/05/14","","","10.1136/bjophthalmol-2021-319339"
"35678335","10-year experience with lamellar keratoplasty for the surgical Management of Paediatric Corneal Diseases","Pellegrini M, Salgari N, D'Angelo S, Caruso L, Franco E, Bovone C, Spena R, Zauli G, Busin M, Yu AC.","Acta Ophthalmol. 2022 Sep;100(6):e1306-e1312. doi: 10.1111/aos.15199. Epub 2022 Jun 9.","Pellegrini M","Acta Ophthalmol","2022","2022/06/09","","","10.1111/aos.15199"
"35971490","Deep anterior lamellar keratoplasty for keratoconus: Elements for success","Pellegrini M, Yu AC, Busin M.","Saudi J Ophthalmol. 2022 Jul 11;36(1):36-41. doi: 10.4103/sjopt.sjopt_100_21. eCollection 2022 Jan-Mar.","Pellegrini M","Saudi J Ophthalmol","2022","2022/08/16","PMC9375458","","10.4103/sjopt.sjopt_100_21"
"34657450","Sutureless Tectonic Mini-Descemet's Stripping Automated Endothelial Keratoplasty (""mini-DSAEK"") for the management of corneal perforations","Roberts HW, Gunasekera CD, Law EM, Seifelnasr M, Giannaccare G, Busin M, Myerscough J.","Eur J Ophthalmol. 2022 Jul;32(4):2133-2140. doi: 10.1177/11206721211050034. Epub 2021 Oct 16.","Roberts HW","Eur J Ophthalmol","2022","2021/10/18","","","10.1177/11206721211050034"
"35243177","Maternal serum eye drops to treat bilateral neurotrophic keratopathy in congenital corneal anesthesia: Case report and literature review","Giannaccare G, Lucisano A, Pellegrini M, Scuteri G, Mancini A, Malaventura C, Busin M, Scorcia V.","Am J Ophthalmol Case Rep. 2022 Feb 18;26:101446. doi: 10.1016/j.ajoc.2022.101446. eCollection 2022 Jun.","Giannaccare G","Am J Ophthalmol Case Rep","2022","2022/03/04","PMC8866839","","10.1016/j.ajoc.2022.101446"
"34759197","Deep Anterior Lamellar Keratoplasty: Current Status and Future Directions","Yu AC, Spena R, Pellegrini M, Bovone C, Busin M.","Cornea. 2022 May 1;41(5):539-544. doi: 10.1097/ICO.0000000000002840.","Yu AC","Cornea","2022","2021/11/11","","","10.1097/ICO.0000000000002840"
"34627739","Long-Term Outcomes of Two-Piece Mushroom Keratoplasty for Traumatic Corneal Scars","Yu AC, Spena R, Fusco F, Dondi R, Myerscough J, Fabbri F, Bovone C, Busin M.","Am J Ophthalmol. 2022 Apr;236:20-31. doi: 10.1016/j.ajo.2021.09.036. Epub 2021 Oct 7.","Yu AC","Am J Ophthalmol","2022","2021/10/10","","","10.1016/j.ajo.2021.09.036"
"34626575","Gender Matching Did Not Affect 2-year Rejection or Failure Rates Following DSAEK for Fuchs Endothelial Corneal Dystrophy","Romano V, Parekh M, Virgili G, Coco G, Leon P, Islein K, Ponzin D, Ferrari S, Fasolo A, Yu AC, Lucenteforte E, Busin M, Kaye SB.","Am J Ophthalmol. 2022 Mar;235:204-210. doi: 10.1016/j.ajo.2021.09.029. Epub 2021 Oct 6.","Romano V","Am J Ophthalmol","2022","2021/10/09","","","10.1016/j.ajo.2021.09.029"
"33243827","Stromal peeling for deep anterior lamellar keratoplasty in post-penetrating keratoplasty eyes","Bovone C, Nahum Y, Scorcia V, Giannaccare G, Spena R, Myerscough J, Yu AC, Busin M.","Br J Ophthalmol. 2022 Mar;106(3):336-340. doi: 10.1136/bjophthalmol-2020-316653. Epub 2020 Nov 26.","Bovone C","Br J Ophthalmol","2022","2020/11/27","","","10.1136/bjophthalmol-2020-316653"
"34174044","Outcomes of cataract surgery with toric intraocular lens implantation after keratoplasty","Pellegrini M, Furiosi L, Yu AC, Giannaccare G, Scuteri G, Gardeli I, Busin M, Bovone C, Spena R.","J Cataract Refract Surg. 2022 Feb 1;48(2):157-161. doi: 10.1097/j.jcrs.0000000000000730.","Pellegrini M","J Cataract Refract Surg","2022","2021/06/26","","","10.1097/j.jcrs.0000000000000730"
"34845828","Accuracy of intraocular lens power calculation for cataract surgery after deep anterior lamellar keratoplasty","Pellegrini M, Furiosi L, Salgari N, D'Angelo S, Zauli G, Yu AC, Busin M.","Clin Exp Ophthalmol. 2022 Jan;50(1):17-22. doi: 10.1111/ceo.14026. Epub 2021 Dec 6.","Pellegrini M","Clin Exp Ophthalmol","2022","2021/11/30","","","10.1111/ceo.14026"
"34369392","Microscope-Integrated Intraoperative Optical Coherence Tomography-Guided Big-Bubble Deep Anterior Lamellar Keratoplasty","Santorum P, Yu AC, Bertelli E, Busin M.","Cornea. 2022 Jan 1;41(1):125-129. doi: 10.1097/ICO.0000000000002826.","Santorum P","Cornea","2022","2021/08/09","","","10.1097/ICO.0000000000002826"
"32757637","Impact of COVID-19 on corneal donation and distribution","Parekh M, Ferrari S, Romano V, Myerscough J, Jones G, Griffoni C, Ahmad S, Feltrin G, Busin M, Ponzin D.","Eur J Ophthalmol. 2022 Jan;32(1):NP269-NP270. doi: 10.1177/1120672120948746. Epub 2020 Aug 5.","Parekh M","Eur J Ophthalmol","2022","2020/08/08","PMC8777303","","10.1177/1120672120948746"
"33011685","Ten-year outcomes of microkeratome-assisted lamellar keratoplasty for keratoconus","Yu AC, Franco E, Caruso L, Myerscough J, Spena R, Fusco F, Socea S, Bovone C, Busin M.","Br J Ophthalmol. 2021 Dec;105(12):1651-1655. doi: 10.1136/bjophthalmol-2020-317253. Epub 2020 Oct 3.","Yu AC","Br J Ophthalmol","2021","2020/10/04","","","10.1136/bjophthalmol-2020-317253"
"34118211","Ultrastructural Alterations of Grafted Corneal Buttons: The Anatomic Basis for Stromal Peeling Along a Natural Plane of Separation","Busin M, Bovone C, Scorcia V, Rimondi E, Nahum Y, Myerscough J, Yu AC.","Am J Ophthalmol. 2021 Nov;231:144-153. doi: 10.1016/j.ajo.2021.06.005. Epub 2021 Jun 10.","Busin M","Am J Ophthalmol","2021","2021/06/12","","","10.1016/j.ajo.2021.06.005"
"33326155","Detection of severe acute respiratory syndrome coronavirus 2 in corneas from asymptomatic donors","Ferrari S, Del Vecchio C, Leonardi A, Feltrin G, Yu AC, Busin M, Crisanti A, Ponzin D.","Acta Ophthalmol. 2021 Nov;99(7):e1245-e1246. doi: 10.1111/aos.14692. Epub 2020 Dec 16.","Ferrari S","Acta Ophthalmol","2021","2020/12/16","","","10.1111/aos.14692"
"34461137","Culture of corneal endothelial cells obtained by descemetorhexis of corneas with Fuchs endothelial corneal dystrophy","Bertolin M, Lamon M, Franco E, Barbaro V, Ferrari S, Bovone C, Yu AC, Parekh M, Ponzin D, Busin M.","Exp Eye Res. 2021 Oct;211:108748. doi: 10.1016/j.exer.2021.108748. Epub 2021 Aug 27.","Bertolin M","Exp Eye Res","2021","2021/08/30","","","10.1016/j.exer.2021.108748"
"34468463","September consultation #2","Busin M, Yu AC.","J Cataract Refract Surg. 2021 Sep 1;47(9):1242. doi: 10.1097/01.j.jcrs.0000792744.40862.94.","Busin M","J Cataract Refract Surg","2021","2021/09/01","","","10.1097/01.j.jcrs.0000792744.40862.94"
"33782265","Interface Drainage and Antimicrobial Irrigation Avoid Repeat Keratoplasty for Post-DSAEK Cold Interface Abscess","Yu AC, Myerscough J, Socea S, Furiosi L, Spena R, Bovone C, Busin M.","Cornea. 2021 Sep 1;40(9):1207-1210. doi: 10.1097/ICO.0000000000002710.","Yu AC","Cornea","2021","2021/03/30","","","10.1097/ICO.0000000000002710"
"33332898","Pneumatic Dissection for Large-Diameter (9-mm) Deep Anterior Lamellar Keratoplasty in Eyes With Previous Anterior Lamellar Keratoplasty","Yu AC, Myerscough J, Galante G, Furiosi L, Socea S, Bovone C, Busin M.","Cornea. 2021 Sep 1;40(9):1098-1103. doi: 10.1097/ICO.0000000000002609.","Yu AC","Cornea","2021","2020/12/17","","","10.1097/ICO.0000000000002609"
"33630814","Single-Pass Mikrokeratome and Anterior Chamber Pressurizer for the Ultrathin Descemet-Stripping Automated Endothelial Keratoplasty Graft Preparation","Clerici R, Ceccuzzi R, Fausto R, Tinelli C, Di Palma MR, Mantegna G, Riva I, Busin M, De Angelis G, Quaranta L.","Cornea. 2021 Jun 1;40(6):755-763. doi: 10.1097/ICO.0000000000002607.","Clerici R","Cornea","2021","2021/02/25","","","10.1097/ICO.0000000000002607"
"33487484","Reply","Busin M, Yu AC.","Ophthalmology. 2021 May;128(5):e25. doi: 10.1016/j.ophtha.2020.12.016. Epub 2021 Jan 21.","Busin M","Ophthalmology","2021","2021/01/25","","","10.1016/j.ophtha.2020.12.016"
"33264146","Comment on: ""Descemet-Stripping Automated Endothelial Keratoplasty Centration and Interface Folds: Surgical Management""","Yu AC, Busin M.","Cornea. 2021 Mar 1;40(3):e4-e5. doi: 10.1097/ICO.0000000000002592.","Yu AC","Cornea","2021","2020/12/02","","","10.1097/ICO.0000000000002592"
"32681909","Five-year Outcomes of Converted Mushroom Keratoplasty from Intended Deep Anterior Lamellar Keratoplasty (DALK) Mandate 9-mm Diameter DALK as the Optimal Approach to Keratoconus","Myerscough J, Roberts H, Yu AC, Elkadim M, Bovone C, Busin M.","Am J Ophthalmol. 2020 Dec;220:9-18. doi: 10.1016/j.ajo.2020.07.009. Epub 2020 Jul 16.","Myerscough J","Am J Ophthalmol","2020","2020/07/19","","","10.1016/j.ajo.2020.07.009"
"32659279","Three-Year Outcomes of Tri-Folded Endothelium-In Descemet Membrane Endothelial Keratoplasty With Pull-Through Technique","Yu AC, Myerscough J, Spena R, Fusco F, Socea S, Furiosi L, De Rosa L, Bovone C, Busin M.","Am J Ophthalmol. 2020 Nov;219:121-131. doi: 10.1016/j.ajo.2020.07.004. Epub 2020 Jul 11.","Yu AC","Am J Ophthalmol","2020","2020/07/14","","","10.1016/j.ajo.2020.07.004"
"32828191","The Ongoing Debate: Descemet Membrane Endothelial Keratoplasty Versus Ultrathin Descemet Stripping Automated Endothelial Keratoplasty","Busin M, Yu AC.","Ophthalmology. 2020 Sep;127(9):1160-1161. doi: 10.1016/j.ophtha.2020.03.023.","Busin M","Ophthalmology","2020","2020/08/24","","","10.1016/j.ophtha.2020.03.023"
"32376056","Coping with COVID-19: An Italian Perspective on Corneal Surgery and Eye Banking in the Time of a Pandemic and Beyond","Busin M, Yu AC, Ponzin D.","Ophthalmology. 2020 Sep;127(9):e68-e69. doi: 10.1016/j.ophtha.2020.04.031. Epub 2020 Apr 23.","Busin M","Ophthalmology","2020","2020/05/08","PMC7177097","","10.1016/j.ophtha.2020.04.031"
"32353368","Initial High-Dose Prophylaxis and Extended Taper for Mushroom Keratoplasty in Vascularized Herpetic Scars","Yu AC, Friehmann A, Myerscough J, Socea S, Furiosi L, Giannaccare G, Bovone C, Busin M.","Am J Ophthalmol. 2020 Sep;217:212-223. doi: 10.1016/j.ajo.2020.04.016. Epub 2020 Apr 27.","Yu AC","Am J Ophthalmol","2020","2020/05/01","","","10.1016/j.ajo.2020.04.016"
"32536414","Reply To Comment on Predictors of Bubble Formation and Type Obtained With Pneumatic Dissection During Deep Anterior Lamellar Keratoplasty in Keratoconus","Scorcia V, Giannaccare G, Lucisano A, Soda M, Scalzo GC, Myerscough J, Pellegrini M, Verdoliva F, Piccoli G, Bovone C, Busin M.","Am J Ophthalmol. 2020 Aug;216:289. doi: 10.1016/j.ajo.2020.04.027. Epub 2020 Jun 11.","Scorcia V","Am J Ophthalmol","2020","2020/06/16","","","10.1016/j.ajo.2020.04.027"
"31754279","A novel blunt dissection technique to treat modified deep anterior lamellar keratoplasty (DALK)-associated high astigmatism","Elkadim M, Myerscough J, Bovone C, Busin M.","Eye (Lond). 2020 Aug;34(8):1432-1437. doi: 10.1038/s41433-019-0686-6. Epub 2019 Nov 21.","Elkadim M","Eye (Lond)","2020","2019/11/23","PMC7376167","","10.1038/s41433-019-0686-6"
"32412957","Optimizing outcomes for keratoplasty in ectatic corneal disease","Yu AC, Mattioli L, Busin M.","Curr Opin Ophthalmol. 2020 Jul;31(4):268-275. doi: 10.1097/ICU.0000000000000666.","Yu AC","Curr Opin Ophthalmol","2020","2020/05/16","","","10.1097/ICU.0000000000000666"
"31488433","Evaluation of the risk factors associated with conversion of intended deep anterior lamellar keratoplasty to penetrating keratoplasty","Myerscough J, Friehmann A, Bovone C, Mimouni M, Busin M.","Br J Ophthalmol. 2020 Jun;104(6):764-767. doi: 10.1136/bjophthalmol-2019-314352. Epub 2019 Sep 5.","Myerscough J","Br J Ophthalmol","2020","2019/09/07","","","10.1136/bjophthalmol-2019-314352"
"32327128","Preparedness among Ophthalmologists: During and Beyond the COVID-19 Pandemic","Olivia Li JP, Shantha J, Wong TY, Wong EY, Mehta J, Lin H, Lin X, Strouthidis NG, Park KH, Fung AT, McLeod SD, Busin M, Parke DW 2nd, Holland GN, Chodosh J, Yeh S, Ting DSW.","Ophthalmology. 2020 May;127(5):569-572. doi: 10.1016/j.ophtha.2020.03.037. Epub 2020 Mar 31.","Olivia Li JP","Ophthalmology","2020","2020/04/25","PMC7167498","","10.1016/j.ophtha.2020.03.037"
"31688200","Autologous Descemet Stripping Automated Endothelial Keratoplasty to Eliminate Endothelial Rejection in Eyes at High Risk","Myerscough J, Friehmann A, Bovone C, Busin M.","Cornea. 2020 May;39(5):666-668. doi: 10.1097/ICO.0000000000002184.","Myerscough J","Cornea","2020","2019/11/06","","","10.1097/ICO.0000000000002184"
"31958168","Donor-to-host transmission of infection: contrasting outcomes of lamellar and penetrating keratoplasty","Busin M, Giannaccare G, Myerscough J, Bovone C, Scorcia V, Campos EC.","Transpl Int. 2020 Apr;33(4):462-464. doi: 10.1111/tri.13578. Epub 2020 Feb 7.","Busin M","Transpl Int","2020","2020/01/21","","","10.1111/tri.13578"
"31883463","Predictors of Bubble Formation and Type Obtained With Pneumatic Dissection During Deep Anterior Lamellar Keratoplasty in Keratoconus","Scorcia V, Giannaccare G, Lucisano A, Soda M, Scalzo GC, Myerscough J, Pellegrini M, Verdoliva F, Piccoli G, Bovone C, Busin M.","Am J Ophthalmol. 2020 Apr;212:127-133. doi: 10.1016/j.ajo.2019.12.012. Epub 2019 Dec 25.","Scorcia V","Am J Ophthalmol","2020","2019/12/29","","","10.1016/j.ajo.2019.12.012"
"31278147","Sutureless superficial anterior lamellar keratoplasty for recurrent corneal haze after repeat excimer laser surface ablation","Myerscough J, Bovone C, Thomas PBM, Mimouni M, Aljassar F, Padroni S, Busin M.","Br J Ophthalmol. 2020 Mar;104(3):341-344. doi: 10.1136/bjophthalmol-2019-314316. Epub 2019 Jul 5.","Myerscough J","Br J Ophthalmol","2020","2019/07/07","","","10.1136/bjophthalmol-2019-314316"
"31177187","Comparison of corneal densitometry between big-bubble and visco-bubble deep anterior lamellar keratoplasty","Scorcia V, De Luca V, Lucisano A, Bruzzichessi D, Balestrieri M, Soda M, Myerscough J, Busin M.","Br J Ophthalmol. 2020 Mar;104(3):336-340. doi: 10.1136/bjophthalmol-2018-313509. Epub 2019 Jun 8.","Scorcia V","Br J Ophthalmol","2020","2019/06/10","","","10.1136/bjophthalmol-2018-313509"
"31738241","Successful Descemet Membrane Endothelial Keratoplasty in Proven Herpetic Endothelial Decompensation Requires Intensive Antiviral Therapy","Friehmann A, Myerscough J, Giannaccare G, Mazzoni M, Bovone C, Busin M.","Cornea. 2020 Feb;39(2):196-199. doi: 10.1097/ICO.0000000000002215.","Friehmann A","Cornea","2020","2019/11/19","","","10.1097/ICO.0000000000002215"
"31634226","Astigmatism Orientation After Deep Anterior Lamellar Keratoplasty for Keratoconus and Its Correlation With Preoperative Peripheral Corneal Astigmatism","Elkadim M, Myerscough J, Bovone C, Busin M.","Cornea. 2020 Feb;39(2):192-195. doi: 10.1097/ICO.0000000000002175.","Elkadim M","Cornea","2020","2019/10/22","","","10.1097/ICO.0000000000002175"
"31335533","Peripheral Intrastromal Hydration Facilitates Safe, Deep Trephination in Corneas of Irregular Thickness","Bovone C, Myerscough J, Friehmann A, Elkadim M, Parmeggiani F, Busin M.","Cornea. 2020 Feb;39(2):207-209. doi: 10.1097/ICO.0000000000002067.","Bovone C","Cornea","2020","2019/07/24","","","10.1097/ICO.0000000000002067"
"31335523","In Vivo and Ex Vivo Comprehensive Evaluation of Corneal Reinnervation in Eyes Neurotized With Contralateral Supratrochlear and Supraorbital Nerves","Giannaccare G, Bolognesi F, Biglioli F, Marchetti C, Mariani S, Weiss JS, Allevi F, Cazzola FE, Ponzin D, Lozza A, Bovone C, Scorcia V, Busin M, Campos EC.","Cornea. 2020 Feb;39(2):210-214. doi: 10.1097/ICO.0000000000002083.","Giannaccare G","Cornea","2020","2019/07/24","","","10.1097/ICO.0000000000002083"
"32189591","Anti-VEGF Treatment in Corneal Diseases","Giannaccare G, Pellegrini M, Bovone C, Spena R, Senni C, Scorcia V, Busin M.","Curr Drug Targets. 2020;21(12):1159-1180. doi: 10.2174/1389450121666200319111710.","Giannaccare G","Curr Drug Targets","2020","2020/03/20","","","10.2174/1389450121666200319111710"
"31436637","Reply","Ravera V, Bovone C, Scorcia V, DʼAngelo S, Busin M.","Cornea. 2019 Nov;38(11):e53. doi: 10.1097/ICO.0000000000002100.","Ravera V","Cornea","2019","2019/08/23","","","10.1097/ICO.0000000000002100"
"31246680","Five-Year Outcomes of Ultrathin Descemet Stripping Automated Endothelial Keratoplasty","Madi S, Leon P, Nahum Y, DʼAngelo S, Giannaccare G, Beltz J, Busin M.","Cornea. 2019 Sep;38(9):1192-1197. doi: 10.1097/ICO.0000000000001999.","Madi S","Cornea","2019","2019/06/28","","","10.1097/ICO.0000000000001999"
"30951688","Factors Predictive of Double Anterior Chamber Formation Following Deep Anterior Lamellar Keratoplasty","Myerscough J, Bovone C, Mimouni M, Elkadim M, Rimondi E, Busin M.","Am J Ophthalmol. 2019 Sep;205:11-16. doi: 10.1016/j.ajo.2019.03.026. Epub 2019 Apr 3.","Myerscough J","Am J Ophthalmol","2019","2019/04/06","","","10.1016/j.ajo.2019.03.026"
"31327386","Re: Price et al.: Will level 1 evidence trigger a tipping point in endothelial keratoplasty? (Ophthalmology. 2019;126:27-28)","Myerscough J, Busin M.","Ophthalmology. 2019 Aug;126(8):e62-e63. doi: 10.1016/j.ophtha.2019.03.008.","Myerscough J","Ophthalmology","2019","2019/07/23","","","10.1016/j.ophtha.2019.03.008"
"31229005","Successful Visualization of a Big Bubble during Deep Anterior Lamellar Keratoplasty using Intraoperative OCT","Myerscough J, Friehmann A, Busin M, Goor D.","Ophthalmology. 2019 Jul;126(7):1062. doi: 10.1016/j.ophtha.2019.03.035.","Myerscough J","Ophthalmology","2019","2019/06/24","","","10.1016/j.ophtha.2019.03.035"
"30882542","Outcomes of a Modified Technique for Successful Pneumatic Dissection in Pediatric Eyes With Corneal Scars","Mattioli L, Weiss JS, Spena R, Leon P, Myerscough J, Bovone C, Busin M.","Cornea. 2019 Jul;38(7):825-828. doi: 10.1097/ICO.0000000000001924.","Mattioli L","Cornea","2019","2019/03/19","","","10.1097/ICO.0000000000001924"
"30939495","Management of Type 2 Bubble Formed During Big-Bubble Deep Anterior Lamellar Keratoplasty","Myerscough J, Friehmann A, Bovone C, Mimouni M, Busin M.","Cornea. 2019 Jun;38(6):e20. doi: 10.1097/ICO.0000000000001940.","Myerscough J","Cornea","2019","2019/04/03","","","10.1097/ICO.0000000000001940"
"30888341","Deep Trephination Allows High Rates of Successful Pneumatic Dissection for DALK Independent of Surgical Experience","Myerscough J, Bovone C, Scorcia V, Ricci-Filipovic B, Leon P, Mimouni M, Nahum Y, Busin M.","Cornea. 2019 May;38(5):645-647. doi: 10.1097/ICO.0000000000001881.","Myerscough J","Cornea","2019","2019/03/20","","","10.1097/ICO.0000000000001881"
"30768438","Deep Anterior Lamellar Keratoplasty in Eyes With Intrastromal Corneal Ring Segments","Ravera V, Bovone C, Scorcia V, DʼAngelo S, Busin M.","Cornea. 2019 May;38(5):642-644. doi: 10.1097/ICO.0000000000001906.","Ravera V","Cornea","2019","2019/02/16","","","10.1097/ICO.0000000000001906"
"29940169","Clinical Outcomes of Preloaded Descemet Membrane Endothelial Keratoplasty Grafts With Endothelium Tri-Folded Inwards","Busin M, Leon P, D'Angelo S, Ruzza A, Ferrari S, Ponzin D, Parekh M.","Am J Ophthalmol. 2018 Sep;193:106-113. doi: 10.1016/j.ajo.2018.06.013. Epub 2018 Jun 27.","Busin M","Am J Ophthalmol","2018","2018/06/26","","","10.1016/j.ajo.2018.06.013"
"29923858","Anterior Segment Optical Coherence Tomography of Post-Descemet Stripping Automated Endothelial Keratoplasty Eyes to Evaluate Graft Morphology and Its Association With Visual Outcome","Graffi S, Leon P, Mimouni M, Nahum Y, Spena R, Mattioli L, Busin M.","Cornea. 2018 Sep;37(9):1087-1092. doi: 10.1097/ICO.0000000000001596.","Graffi S","Cornea","2018","2018/06/21","","","10.1097/ICO.0000000000001596"
"29275378","Results of viscobubble deep anterior lamellar keratoplasty after failure of pneumatic dissection","Scorcia V, De Luca V, Lucisano A, Carnevali A, Carnovale Scalzo G, Bovone C, Busin M.","Br J Ophthalmol. 2018 Sep;102(9):1288-1292. doi: 10.1136/bjophthalmol-2017-311419. Epub 2017 Dec 23.","Scorcia V","Br J Ophthalmol","2018","2017/12/25","","","10.1136/bjophthalmol-2017-311419"
"29859624","Reply","Leon P, Parekh M, Nahum Y, Mimouni M, Giannaccare G, Sapigni L, Ruzza A, Busin M.","Am J Ophthalmol. 2018 Aug;192:250-251. doi: 10.1016/j.ajo.2018.05.011. Epub 2018 May 30.","Leon P","Am J Ophthalmol","2018","2018/06/04","","","10.1016/j.ajo.2018.05.011"
"29543665","Immunologic Stromal Rejection After Deep Anterior Lamellar Keratoplasty With Grafts of a Larger Size (9 mm) for Various Stromal Diseases","Giannaccare G, Weiss JS, Sapigni L, Bovone C, Mattioli L, Campos EC, Busin M.","Cornea. 2018 Aug;37(8):967-972. doi: 10.1097/ICO.0000000000001584.","Giannaccare G","Cornea","2018","2018/03/16","","","10.1097/ICO.0000000000001584"
"29844085","Outcomes of ultrathin Descemet stripping automated endothelial keratoplasty (UT-DSAEK) performed in eyes with failure of primary Descemet membrane endothelial keratoplasty (DMEK)","Graffi S, Leon P, Nahum Y, Gutfreund S, Spena R, Mattioli L, Busin M.","Br J Ophthalmol. 2018 May 29:bjophthalmol-2017-311834. doi: 10.1136/bjophthalmol-2017-311834. Online ahead of print.","Graffi S","Br J Ophthalmol","2018","2018/05/31","","","10.1136/bjophthalmol-2017-311834"
"29339064","Factors Associated With Early Graft Detachment in Primary Descemet Membrane Endothelial Keratoplasty","Leon P, Parekh M, Nahum Y, Mimouni M, Giannaccare G, Sapigni L, Ruzza A, Busin M.","Am J Ophthalmol. 2018 Mar;187:117-124. doi: 10.1016/j.ajo.2017.12.014. Epub 2018 Jan 12.","Leon P","Am J Ophthalmol","2018","2018/01/18","","","10.1016/j.ajo.2017.12.014"
"29375991","Descemet stripping automated endothelial keratoplasty in phakic eyes: incision modification reducing cataract formation","Beltz J, Madi S, Nahum Y, Santorum P, Busin M.","Int J Ophthalmol. 2018 Jan 18;11(1):53-57. doi: 10.18240/ijo.2018.01.10. eCollection 2018.","Beltz J","Int J Ophthalmol","2018","2018/01/30","PMC5767658","","10.18240/ijo.2018.01.10"
"29157438","Reply","Busin M, Leon P, Nahum Y, Scorcia V.","Ophthalmology. 2017 Dec;124(12):e90. doi: 10.1016/j.ophtha.2017.07.017.","Busin M","Ophthalmology","2017","2017/11/22","","","10.1016/j.ophtha.2017.07.017"
"28880979","Conjunctival and Limbal Transplantation From the Same Living-Related Bone Marrow Donor to Patients With Severe Ocular Graft-vs-Host Disease","Busin M, Giannaccare G, Sapigni L, Testoni N, Leon P, Versura P, Campos E.","JAMA Ophthalmol. 2017 Oct 1;135(10):1123-1125. doi: 10.1001/jamaophthalmol.2017.3204.","Busin M","JAMA Ophthalmol","2017","2017/09/08","","","10.1001/jamaophthalmol.2017.3204"
"28917397","Evaluation of postoperative toric intraocular lens alignment with anterior segment optical coherence tomography","Lucisano A, Ferrise M, Balestrieri M, Busin M, Scorcia V.","J Cataract Refract Surg. 2017 Aug;43(8):1007-1009. doi: 10.1016/j.jcrs.2017.05.025.","Lucisano A","J Cataract Refract Surg","2017","2017/09/18","","","10.1016/j.jcrs.2017.05.025"
"28489719","Microkeratome-Assisted Anterior Lamellar Keratoplasty for the Correction of High-Degree Postkeratoplasty Astigmatism","Gutfreund S, Leon P, Busin M.","Cornea. 2017 Jul;36(7):880-883. doi: 10.1097/ICO.0000000000001232.","Gutfreund S","Cornea","2017","2017/05/11","","","10.1097/ICO.0000000000001232"
"28336058","Large (9 mm) Deep Anterior Lamellar Keratoplasty with Clearance of a 6-mm Optical Zone Optimizes Outcomes of Keratoconus Surgery","Busin M, Leon P, Nahum Y, Scorcia V.","Ophthalmology. 2017 Jul;124(7):1072-1080. doi: 10.1016/j.ophtha.2017.02.011. Epub 2017 Mar 20.","Busin M","Ophthalmology","2017","2017/03/25","","","10.1016/j.ophtha.2017.02.011"
"28129295","Asymptomatic Infection in Decompensated Full-Thickness Corneal Grafts Referred for Repeat Penetrating Keratoplasty","Nahum Y, Leon P, Ricci-Filipovic BA, Camposampiero D, Ponzin D, Busin M.","Cornea. 2017 Apr;36(4):431-433. doi: 10.1097/ICO.0000000000001121.","Nahum Y","Cornea","2017","2017/01/28","","","10.1097/ICO.0000000000001121"
"28079683","Factors Associated With Graft Detachment After Primary Descemet Stripping Automated Endothelial Keratoplasty","Nahum Y, Leon P, Mimouni M, Busin M.","Cornea. 2017 Mar;36(3):265-268. doi: 10.1097/ICO.0000000000001123.","Nahum Y","Cornea","2017","2017/01/13","","","10.1097/ICO.0000000000001123"
"28017678","Deep Anterior Lamellar Keratoplasty After Descemet Stripping Automated Endothelial Keratoplasty","Gutfreund S, Leon P, Graffi S, Busin M.","Am J Ophthalmol. 2017 Mar;175:129-136. doi: 10.1016/j.ajo.2016.12.012. Epub 2016 Dec 23.","Gutfreund S","Am J Ophthalmol","2017","2016/12/27","","","10.1016/j.ajo.2016.12.012"
"27749446","Tectonic Descemet Stripping Automated Endothelial Keratoplasty for the Management of Sterile Corneal Perforations in Decompensated Corneas","Nahum Y, Bahar I, Busin M.","Cornea. 2016 Dec;35(12):1516-1519. doi: 10.1097/ICO.0000000000001037.","Nahum Y","Cornea","2016","2016/10/18","","","10.1097/ICO.0000000000001037"
"27665215","Corneal Epithelial Stem Cells Repopulate the Donor Area within 1 Year from Limbus Removal for Limbal Autograft","Busin M, Breda C, Bertolin M, Bovone C, Ponzin D, Ferrari S, Barbaro V, Elbadawy HM.","Ophthalmology. 2016 Dec;123(12):2481-2488. doi: 10.1016/j.ophtha.2016.08.018. Epub 2016 Sep 21.","Busin M","Ophthalmology","2016","2016/09/26","","","10.1016/j.ophtha.2016.08.018"
"27544040","Reply","Busin M, Leon P, Scorcia V, Nahum Y.","Am J Ophthalmol. 2016 Oct;170:239-240. doi: 10.1016/j.ajo.2016.07.005. Epub 2016 Aug 17.","Busin M","Am J Ophthalmol","2016","2016/08/22","","","10.1016/j.ajo.2016.07.005"
"27149535","Graft-Recipient Collagen Lamellar Axis Discrepancy Is Compatible With Excellent Visual Acuity After Descemet Stripping Automated Endothelial Keratoplasty","Nahum Y, Iovieno A, Lipari E, Fonatana L, Busin M.","Cornea. 2016 Jul;35(7):938-40. doi: 10.1097/ICO.0000000000000862.","Nahum Y","Cornea","2016","2016/05/06","","","10.1097/ICO.0000000000000862"
"27066719","Preloaded Tissues for Descemet Membrane Endothelial Keratoplasty","Parekh M, Ruzza A, Ferrari S, Busin M, Ponzin D.","Am J Ophthalmol. 2016 Jun;166:120-125. doi: 10.1016/j.ajo.2016.03.048. Epub 2016 Apr 8.","Parekh M","Am J Ophthalmol","2016","2016/04/13","","","10.1016/j.ajo.2016.03.048"
"26989960","Visual Outcomes of Repeat Versus Primary Descemet Stripping Automated Endothelial Keratoplasty-A Paired Comparison","Nahum Y, Mimouni M, Madi S, Busin M.","Cornea. 2016 May;35(5):592-5. doi: 10.1097/ICO.0000000000000810.","Nahum Y","Cornea","2016","2016/03/19","","","10.1097/ICO.0000000000000810"
"26863499","Polarimetric Interferometry for Assessment of Corneal Stromal Lamellae Orientation","Iovieno A, Yeung SN, Nahum Y, Teichman J, Lipari E, Busin M, Fontana L.","Cornea. 2016 Apr;35(4):519-22. doi: 10.1097/ICO.0000000000000776.","Iovieno A","Cornea","2016","2016/02/11","","","10.1097/ICO.0000000000000776"
"26772875","Outcomes of Air Injection Within 2 mm Inside a Deep Trephination for Deep Anterior Lamellar Keratoplasty in Eyes With Keratoconus","Busin M, Scorcia V, Leon P, Nahum Y.","Am J Ophthalmol. 2016 Apr;164:6-13. doi: 10.1016/j.ajo.2015.12.033. Epub 2016 Jan 6.","Busin M","Am J Ophthalmol","2016","2016/01/17","","","10.1016/j.ajo.2015.12.033"
"26686969","Contact Lens-Assisted Pull-Through Technique for Delivery of Tri-Folded (Endothelium in) DMEK Grafts Minimizes Surgical Time and Cell Loss","Busin M, Leon P, Scorcia V, Ponzin D.","Ophthalmology. 2016 Mar;123(3):476-83. doi: 10.1016/j.ophtha.2015.10.050. Epub 2015 Dec 11.","Busin M","Ophthalmology","2016","2015/12/22","","","10.1016/j.ophtha.2015.10.050"
"26655486","Results of Descemet Stripping Automated Endothelial Keratoplasty for the Treatment of Late Corneal Decompensation Secondary to Obstetrical Forceps Trauma","Scorcia V, Pietropaolo R, Carnevali A, De Luca V, Lucisano A, Busin M.","Cornea. 2016 Mar;35(3):305-7. doi: 10.1097/ICO.0000000000000715.","Scorcia V","Cornea","2016","2015/12/15","","","10.1097/ICO.0000000000000715"
"27050357","Two cases of ultrathin Descemet stripping automated endothelial keratoplasty utilizing a graft that had undergone radial keratotomy","Nahum Y, Ponzin D, Busin M.","Indian J Ophthalmol. 2016 Feb;64(2):162-4. doi: 10.4103/0301-4738.179713.","Nahum Y","Indian J Ophthalmol","2016","2016/04/07","PMC4850817","","10.4103/0301-4738.179713"
"25957376","Prevalence of guttae in the graft following corneal transplantation","Nahum Y, Canton V, Ponzin D, Busin M.","Br J Ophthalmol. 2015 Dec;99(12):1660-3. doi: 10.1136/bjophthalmol-2014-306569. Epub 2015 May 8.","Nahum Y","Br J Ophthalmol","2015","2015/05/10","","","10.1136/bjophthalmol-2014-306569"
"26356756","Postoperative Graft Thickness Obtained With Single-Pass Microkeratome-Assisted Ultrathin Descemet Stripping Automated Endothelial Keratoplasty","Nahum Y, Leon P, Busin M.","Cornea. 2015 Nov;34(11):1362-4. doi: 10.1097/ICO.0000000000000603.","Nahum Y","Cornea","2015","2015/09/11","","","10.1097/ICO.0000000000000603"
"25926517","Preloaded donor corneal lenticules in a new validated 3D printed smart storage glide for Descemet stripping automated endothelial keratoplasty","Ruzza A, Parekh M, Ferrari S, Salvalaio G, Nahum Y, Bovone C, Ponzin D, Busin M.","Br J Ophthalmol. 2015 Oct;99(10):1388-95. doi: 10.1136/bjophthalmol-2014-306510. Epub 2015 Apr 29.","Ruzza A","Br J Ophthalmol","2015","2015/05/01","","","10.1136/bjophthalmol-2014-306510"
"26203751","Red Reflex-Guided Big-Bubble Deep Anterior Lamellar Keratoplasty: A Simple Technique to Judge Dissection Depth","Scorcia V, Lucisano A, Pietropaolo R, Savoca Corona V, Scorcia G, Busin M.","Cornea. 2015 Sep;34(9):1035-8. doi: 10.1097/ICO.0000000000000497.","Scorcia V","Cornea","2015","2015/07/24","","","10.1097/ICO.0000000000000497"
"26253099","Descemet stripping automated endothelial keratoplasty in Fuchs' corneal endothelial dystrophy: anterior segment optical coherence tomography and in vivo confocal microscopy analysis","Mencucci R, Favuzza E, Tartaro R, Busin M, Virgili G.","BMC Ophthalmol. 2015 Aug 8;15:99. doi: 10.1186/s12886-015-0096-x.","Mencucci R","BMC Ophthalmol","2015","2015/08/09","PMC4545854","","10.1186/s12886-015-0096-x"
"26020823","Risk Factors Predicting the Need for Graft Exchange After Descemet Stripping Automated Endothelial Keratoplasty","Nahum Y, Mimouni M, Busin M.","Cornea. 2015 Aug;34(8):876-9. doi: 10.1097/ICO.0000000000000455.","Nahum Y","Cornea","2015","2015/05/29","","","10.1097/ICO.0000000000000455"
"25606709","Surgical technique for graft exchange after big-bubble deep anterior lamellar keratoplasty","Scorcia V, Beltz J, Lucisano A, Scorcia G, Busin M.","Cornea. 2015 Apr;34(4):486-9. doi: 10.1097/ICO.0000000000000365.","Scorcia V","Cornea","2015","2015/01/22","","","10.1097/ICO.0000000000000365"
"25159923","Bubble technique for Descemet membrane endothelial keratoplasty tissue preparation in an eye bank: air or liquid?","Ruzza A, Parekh M, Salvalaio G, Ferrari S, Camposampiero D, Amoureux MC, Busin M, Ponzin D.","Acta Ophthalmol. 2015 Mar;93(2):e129-34. doi: 10.1111/aos.12520. Epub 2014 Aug 27.","Ruzza A","Acta Ophthalmol","2015","2014/08/28","","","10.1111/aos.12520"
"25564336","IC3D classification of corneal dystrophies--edition 2","Weiss JS, Møller HU, Aldave AJ, Seitz B, Bredrup C, Kivelä T, Munier FL, Rapuano CJ, Nischal KK, Kim EK, Sutphin J, Busin M, Labbé A, Kenyon KR, Kinoshita S, Lisch W.","Cornea. 2015 Feb;34(2):117-59. doi: 10.1097/ICO.0000000000000307.","Weiss JS","Cornea","2015","2015/01/08","","","10.1097/ICO.0000000000000307"
"26538771","A Two-Piece Microkeratome-Assisted Mushroom Keratoplasty Improves the Outcomes and Survival of Grafts Performed in Eyes with Diseased Stroma and Healthy Endothelium (An American Ophthalmological Society Thesis)","Busin M, Madi S, Scorcia V, Santorum P, Nahum Y.","Trans Am Ophthalmol Soc. 2015;113:T1.","Busin M","Trans Am Ophthalmol Soc","2015","2015/11/06","PMC4597759","",""
"25411935","Inadvertent donor button inversion during big-bubble deep anterior lamellar keratoplasty","Scorcia V, Cosimo FD, Lucisano A, Ponzin D, Scorcia G, Busin M.","Cornea. 2015 Jan;34(1):94-6. doi: 10.1097/ICO.0000000000000308.","Scorcia V","Cornea","2015","2014/11/21","","","10.1097/ICO.0000000000000308"
"25205558","Quadruple procedure for visual rehabilitation of endothelial decompensation following phakic intraocular lens implantation","Nahum Y, Busin M.","Am J Ophthalmol. 2014 Dec;158(6):1330-1334.e1. doi: 10.1016/j.ajo.2014.09.002. Epub 2014 Sep 6.","Nahum Y","Am J Ophthalmol","2014","2014/09/11","","","10.1016/j.ajo.2014.09.002"
"25103895","Small-bubble deep anterior lamellar keratoplasty technique","Scorcia V, Beltz J, Busin M.","JAMA Ophthalmol. 2014 Nov;132(11):1369-71. doi: 10.1001/jamaophthalmol.2014.2756.","Scorcia V","JAMA Ophthalmol","2014","2014/08/09","","","10.1001/jamaophthalmol.2014.2756"
"25062335","Interface infection after descemet stripping automated endothelial keratoplasty: outcomes of therapeutic keratoplasty","Nahum Y, Russo C, Madi S, Busin M.","Cornea. 2014 Sep;33(9):893-8. doi: 10.1097/ICO.0000000000000205.","Nahum Y","Cornea","2014","2014/07/26","","","10.1097/ICO.0000000000000205"
"24792104","Descemet membrane endothelial keratoplasty tissue preparation from donor corneas using a standardized submerged hydro-separation method","Parekh M, Ruzza A, Salvalaio G, Ferrari S, Camposampiero D, Busin M, Ponzin D.","Am J Ophthalmol. 2014 Aug;158(2):277-285.e1. doi: 10.1016/j.ajo.2014.04.009. Epub 2014 Apr 30.","Parekh M","Am J Ophthalmol","2014","2014/05/06","","","10.1016/j.ajo.2014.04.009"
"24865169","Does thickness matter: ultrathin Descemet stripping automated endothelial keratoplasty","Busin M, Albé E.","Curr Opin Ophthalmol. 2014 Jul;25(4):312-8. doi: 10.1097/ICU.0000000000000071.","Busin M","Curr Opin Ophthalmol","2014","2014/05/29","","","10.1097/ICU.0000000000000071"
"24763830","Descemet stripping automated endothelial keratoplasty after failed penetrating keratoplasty: survival, rejection risk, and visual outcome","Mitry D, Bhogal M, Patel AK, Lee BS, Chai SM, Price MO, Price FW Jr, Jun AS, Aldave AJ, Mehta JS, Busin M, Allan BD.","JAMA Ophthalmol. 2014 Jun;132(6):742-9. doi: 10.1001/jamaophthalmol.2014.352.","Mitry D","JAMA Ophthalmol","2014","2014/04/26","","","10.1001/jamaophthalmol.2014.352"
"24162753","Combined tissue excision and corneal tuck for the surgical treatment of extremely advanced pellucid marginal corneal degeneration","Busin M, Santorum P, Barbara R.","Cornea. 2013 Dec;32(12):1628-30. doi: 10.1097/ICO.0b013e3182a64850.","Busin M","Cornea","2013","2013/10/29","","","10.1097/ICO.0b013e3182a64850"
"23752062","Descemet stripping automated endothelial keratoplasty for endothelial decompensation in buphthalmos","Beltz J, Madi S, Santorum P, Scorcia V, Busin M.","Am J Ophthalmol. 2013 Sep;156(3):608-615.e1. doi: 10.1016/j.ajo.2013.04.022. Epub 2013 Jun 7.","Beltz J","Am J Ophthalmol","2013","2013/06/12","","","10.1016/j.ajo.2013.04.022"
"23466268","Ultrathin descemet's stripping automated endothelial keratoplasty with the microkeratome double-pass technique: two-year outcomes","Busin M, Madi S, Santorum P, Scorcia V, Beltz J.","Ophthalmology. 2013 Jun;120(6):1186-94. doi: 10.1016/j.ophtha.2012.11.030. Epub 2013 Mar 1.","Busin M","Ophthalmology","2013","2013/03/08","","","10.1016/j.ophtha.2012.11.030"
"23177365","Anterior segment optical coherence tomography-guided big-bubble technique","Scorcia V, Busin M, Lucisano A, Beltz J, Carta A, Scorcia G.","Ophthalmology. 2013 Mar;120(3):471-476. doi: 10.1016/j.ophtha.2012.08.041. Epub 2012 Nov 21.","Scorcia V","Ophthalmology","2013","2012/11/27","","","10.1016/j.ophtha.2012.08.041"
"23023402","Banking of donor tissues for descemet stripping automated endothelial keratoplasty","Ruzza A, Salvalaio G, Bruni A, Frigo AC, Busin M, Ponzin D.","Cornea. 2013 Jan;32(1):70-5. doi: 10.1097/ICO.0b013e31825e8442.","Ruzza A","Cornea","2013","2012/10/02","","","10.1097/ICO.0b013e31825e8442"
"22707339","Loteprednol etabonate ophthalmic suspension 0.5 %: efficacy and safety for postoperative anti-inflammatory use","Amon M, Busin M.","Int Ophthalmol. 2012 Oct;32(5):507-17. doi: 10.1007/s10792-012-9589-2. Epub 2012 Jun 16.","Amon M","Int Ophthalmol","2012","2012/06/19","PMC3459083","","10.1007/s10792-012-9589-2"
"22813455","A prospective study comparing EndoGlide and Busin glide insertion techniques in descemet stripping endothelial keratoplasty","Busin M, Scorcia V.","Am J Ophthalmol. 2012 Aug;154(2):416-7; author reply 417. doi: 10.1016/j.ajo.2012.04.004.","Busin M","Am J Ophthalmol","2012","2012/07/21","","","10.1016/j.ajo.2012.04.004"
"23961011","Descemet stripping automated endothelial keratoplasty in pediatric age group","Madi S, Santorum P, Busin M.","Saudi J Ophthalmol. 2012 Jul;26(3):309-13. doi: 10.1016/j.sjopt.2012.04.006. Epub 2012 May 12.","Madi S","Saudi J Ophthalmol","2012","2013/08/21","PMC3729813","","10.1016/j.sjopt.2012.04.006"
"22801840","Outcomes from a modified microkeratome-assisted lamellar keratoplasty for keratoconus","Busin M, Scorcia V, Zambianchi L, Ponzin D.","Arch Ophthalmol. 2012 Jun;130(6):776-82. doi: 10.1001/archophthalmol.2011.1546.","Busin M","Arch Ophthalmol","2012","2012/07/18","","","10.1001/archophthalmol.2011.1546"
"22296843","Combined Descemet-stripping automated endothelial keratoplasty and phacoemulsification with toric intraocular lens implantation for treatment of failed penetrating keratoplasty with high regular astigmatism","Scorcia V, Lucisano A, Beltz J, Busin M.","J Cataract Refract Surg. 2012 Apr;38(4):716-9. doi: 10.1016/j.jcrs.2012.01.014. Epub 2012 Jan 31.","Scorcia V","J Cataract Refract Surg","2012","2012/02/03","","","10.1016/j.jcrs.2012.01.014"
"22205600","Microkeratome-assisted preparation of ultrathin grafts for descemet stripping automated endothelial keratoplasty","Busin M, Patel AK, Scorcia V, Ponzin D.","Invest Ophthalmol Vis Sci. 2012 Jan 31;53(1):521-4. doi: 10.1167/iovs.11-7753.","Busin M","Invest Ophthalmol Vis Sci","2012","2011/12/30","","","10.1167/iovs.11-7753"
"22081147","Microkeratome-assisted superficial anterior lamellar keratoplasty for anterior stromal corneal opacities after penetrating keratoplasty","Patel AK, Scorcia V, Kadyan A, Lapenna L, Ponzin D, Busin M.","Cornea. 2012 Jan;31(1):101-5. doi: 10.1097/ICO.0b013e31820c9fd1.","Patel AK","Cornea","2012","2011/11/15","","","10.1097/ICO.0b013e31820c9fd1"
"21955626","Descemet stripping automated endothelial keratoplasty in a case with a posteriorly fixated iris-claw intraocular lens","Beltz J, Busin M.","Cornea. 2012 Jan;31(1):96-7. doi: 10.1097/ICO.0b013e3182001016.","Beltz J","Cornea","2012","2011/09/30","","","10.1097/ICO.0b013e3182001016"
"21851921","Survival of mushroom keratoplasty performed in corneas with postinfectious vascularized scars","Scorcia V, Busin M.","Am J Ophthalmol. 2012 Jan;153(1):44-50.e1. doi: 10.1016/j.ajo.2011.05.020.","Scorcia V","Am J Ophthalmol","2012","2011/08/20","","","10.1016/j.ajo.2011.05.020"
"21555597","Descemet-stripping automated endothelial keratoplasty for congenital hereditary endothelial dystrophy","Busin M, Beltz J, Scorcia V.","Arch Ophthalmol. 2011 Sep;129(9):1140-6. doi: 10.1001/archophthalmol.2011.114. Epub 2011 May 9.","Busin M","Arch Ophthalmol","2011","2011/05/11","","","10.1001/archophthalmol.2011.114"
"21508833","Deep anterior lamellar keratoplasty after descemet stripping automated endothelial keratoplasty","Busin M, Beltz J.","Cornea. 2011 Sep;30(9):1048-50. doi: 10.1097/ICO.0b013e318207ec97.","Busin M","Cornea","2011","2011/04/22","","","10.1097/ICO.0b013e318207ec97"
"21169271","Donor tissue preparation for Descemet membrane endothelial keratoplasty","Busin M, Scorcia V, Patel AK, Salvalaio G, Ponzin D.","Br J Ophthalmol. 2011 Aug;95(8):1172-3; author reply 1173. doi: 10.1136/bjo.2010.195651. Epub 2010 Dec 16.","Busin M","Br J Ophthalmol","2011","2010/12/21","","","10.1136/bjo.2010.195651"
"23960935","Mushroom keratoplasty in pediatric patients","Busin M, Beltz J, Scorcia V.","Saudi J Ophthalmol. 2011 Jul;25(3):269-74. doi: 10.1016/j.sjopt.2011.04.009. Epub 2011 Apr 30.","Busin M","Saudi J Ophthalmol","2011","2013/08/21","PMC3729387","","10.1016/j.sjopt.2011.04.009"
"21232730","Transcorneal suture fixation of posterior lamellar grafts in eyes with minimal or absent iris-lens diaphragm","Patel AK, Luccarelli S, Ponzin D, Busin M.","Am J Ophthalmol. 2011 Mar;151(3):460-4.e2. doi: 10.1016/j.ajo.2010.08.043. Epub 2011 Jan 12.","Patel AK","Am J Ophthalmol","2011","2011/01/15","","","10.1016/j.ajo.2010.08.043"
"20678800","Stromal support for Descemet's membrane endothelial keratoplasty","Busin M, Patel AK, Scorcia V, Galan A, Ponzin D.","Ophthalmology. 2010 Dec;117(12):2273-7. doi: 10.1016/j.ophtha.2010.03.038. Epub 2010 Aug 3.","Busin M","Ophthalmology","2010","2010/08/04","","","10.1016/j.ophtha.2010.03.038"
"20466429","Pneumatic dissection and storage of donor endothelial tissue for Descemet's membrane endothelial keratoplasty: a novel technique","Busin M, Scorcia V, Patel AK, Salvalaio G, Ponzin D.","Ophthalmology. 2010 Aug;117(8):1517-20. doi: 10.1016/j.ophtha.2009.12.040. Epub 2010 May 13.","Busin M","Ophthalmology","2010","2010/05/15","","","10.1016/j.ophtha.2009.12.040"
"19730090","Intraocular lens exchange 1 week after descemet stripping automated endothelial keratoplasty","Lapenna L, Kadyan A, Busin M.","Cornea. 2010 Feb;29(2):207-9. doi: 10.1097/ICO.0b013e3181a1669e.","Lapenna L","Cornea","2010","2009/09/05","","","10.1097/ICO.0b013e3181a1669e"
"19643500","Pentacam assessment of posterior lamellar grafts to explain hyperopization after Descemet's stripping automated endothelial keratoplasty","Scorcia V, Matteoni S, Scorcia GB, Scorcia G, Busin M.","Ophthalmology. 2009 Sep;116(9):1651-5. doi: 10.1016/j.ophtha.2009.04.035. Epub 2009 Jul 29.","Scorcia V","Ophthalmology","2009","2009/08/01","","","10.1016/j.ophtha.2009.04.035"
"19337156","The IC3D classification of the corneal dystrophies","Weiss JS, Møller HU, Lisch W, Kinoshita S, Aldave AJ, Belin MW, Kivelä T, Busin M, Munier FL, Seitz B, Sutphin J, Bredrup C, Mannis MJ, Rapuano CJ, Van Rij G, Kim EK, Klintworth GK.","Cornea. 2008 Dec;27 Suppl 2(Suppl 2):S1-83. doi: 10.1097/ICO.0b013e31817780fb.","Weiss JS","Cornea","2008","2009/04/02","PMC2866169","NIHMS194810","10.1097/ICO.0b013e31817780fb"
"18695109","A modified technique for descemet membrane stripping automated endothelial keratoplasty to minimize endothelial cell loss","Busin M, Bhatt PR, Scorcia V.","Arch Ophthalmol. 2008 Aug;126(8):1133-7. doi: 10.1001/archopht.126.8.1133.","Busin M","Arch Ophthalmol","2008","2008/08/13","","","10.1001/archopht.126.8.1133"
"18520511","Combined wedge resection and beveled penetrating relaxing incisions for the treatment of pellucid marginal corneal degeneration","Busin M, Kerdraon Y, Scorcia V, Zambianchi L, Matteoni S.","Cornea. 2008 Jun;27(5):595-600. doi: 10.1097/ICO.0b013e318166c40c.","Busin M","Cornea","2008","2008/06/04","","","10.1097/ICO.0b013e318166c40c"
"18299041","Pull-through technique for graft insertion in DSAEK","Aralikatti A, Dean S, Busin M, Shah S.","J Cataract Refract Surg. 2008 Mar;34(3):341; author reply 341-2. doi: 10.1016/j.jcrs.2007.10.038.","Aralikatti A","J Cataract Refract Surg","2008","2008/02/27","","","10.1016/j.jcrs.2007.10.038"
"18165097","Late detachment of donor graft after Descemet stripping automated endothelial keratoplasty","Busin M, Bhatt PR.","J Cataract Refract Surg. 2008 Jan;34(1):159-60. doi: 10.1016/j.jcrs.2007.08.027.","Busin M","J Cataract Refract Surg","2008","2008/01/01","","","10.1016/j.jcrs.2007.08.027"
"18025646","Donor corneal disk insertion techniques in descemetorhexis with endokeratoplasty","Bradley JC, McCartney DL, Busin M.","Ann Ophthalmol (Skokie). 2007 Winter;39(4):277-83. doi: 10.1007/s12009-007-9021-0.","Bradley JC","Ann Ophthalmol (Skokie)","2007","2007/11/21","","","10.1007/s12009-007-9021-0"
"16038660","Microkeratome-assisted mushroom keratoplasty with minimal endothelial replacement","Busin M, Arffa RC.","Am J Ophthalmol. 2005 Jul;140(1):138-40. doi: 10.1016/j.ajo.2004.12.024.","Busin M","Am J Ophthalmol","2005","2005/07/26","","","10.1016/j.ajo.2004.12.024"
"15885782","Microkeratome-assisted lamellar keratoplasty for the surgical treatment of keratoconus","Busin M, Zambianchi L, Arffa RC.","Ophthalmology. 2005 Jun;112(6):987-97. doi: 10.1016/j.ophtha.2005.01.024.","Busin M","Ophthalmology","2005","2005/05/12","","","10.1016/j.ophtha.2005.01.024"
"12777025","Two-stage laser in situ keratomileusis to correct refractive errors after penetrating keratoplasty","Busin M, Zambianchi L, Garzione F, Maucione V, Rossi S.","J Refract Surg. 2003 May-Jun;19(3):301-8. doi: 10.3928/1081-597X-20030501-06.","Busin M","J Refract Surg","2003","2003/06/05","","","10.3928/1081-597X-20030501-06"
"12614765","Mycobacterium chelonae interface infection after endokeratoplasty","Busin M, Ponzin D, Arffa RC.","Am J Ophthalmol. 2003 Mar;135(3):393-5. doi: 10.1016/s0002-9394(02)01954-2.","Busin M","Am J Ophthalmol","2003","2003/03/05","","","10.1016/s0002-9394(02)01954-2"
"12583794","A new lamellar wound configuration for penetrating keratoplasty surgery","Busin M.","Arch Ophthalmol. 2003 Feb;121(2):260-5. doi: 10.1001/archopht.121.2.260.","Busin M","Arch Ophthalmol","2003","2003/02/14","","","10.1001/archopht.121.2.260"
"12352085","Deep suturing technique for penetrating keratoplasty","Busin M, Arffa RC.","Cornea. 2002 Oct;21(7):680-4. doi: 10.1097/00003226-200210000-00009.","Busin M","Cornea","2002","2002/09/28","","","10.1097/00003226-200210000-00009"
